ID,Price
134571,500000
134572,500000
134573,500000
134574,500000
134575,500000
134576,500000
134577,500000
134578,500000
134579,500000
134580,500000
134581,500000
134582,500000
134583,500000
134584,500000
134585,500000
134586,500000
134587,500000
134588,500000
134589,500000
134590,500000
134591,500000
134592,500000
134593,500000
134594,500000
134595,500000
134596,500000
134597,500000
134598,500000
134599,500000
134600,500000
134601,500000
134602,500000
134603,500000
134604,500000
134605,500000
134606,500000
134607,500000
134608,500000
134609,500000
134610,500000
134611,500000
134612,500000
134613,500000
134614,500000
134615,500000
134616,500000
134617,500000
134618,500000
134619,500000
134620,500000
134621,500000
134622,500000
134623,500000
134624,500000
134625,500000
134626,500000
134627,500000
134628,500000
134629,500000
134630,500000
134631,500000
134632,500000
134633,500000
134634,500000
134635,500000
134636,500000
134637,500000
134638,500000
134639,500000
134640,500000
134641,500000
134642,500000
134643,500000
134644,500000
134645,500000
134646,500000
134647,500000
134648,500000
134649,500000
134650,500000
134651,500000
134652,500000
134653,500000
134654,500000
134655,500000
134656,500000
134657,500000
134658,500000
134659,500000
134660,500000
134661,500000
134662,500000
134663,500000
134664,500000
134665,500000
134666,500000
134667,500000
134668,500000
134669,500000
134670,500000
134671,500000
134672,500000
134673,500000
134674,500000
134675,500000
134676,500000
134677,500000
134678,500000
134679,500000
134680,500000
134681,500000
134682,500000
134683,500000
134684,500000
134685,500000
134686,500000
134687,500000
134688,500000
134689,500000
134690,500000
134691,500000
134692,500000
134693,500000
134694,500000
134695,500000
134696,500000
134697,500000
134698,500000
134699,500000
134700,500000
134701,500000
134702,500000
134703,500000
134704,500000
134705,500000
134706,500000
134707,500000
134708,500000
134709,500000
134710,500000
134711,500000
134712,500000
134713,500000
134714,500000
134715,500000
134716,500000
134717,500000
134718,500000
134719,500000
134720,500000
134721,500000
134722,500000
134723,500000
134724,500000
134725,500000
134726,500000
134727,500000
134728,500000
134729,500000
134730,500000
134731,500000
134732,500000
134733,500000
134734,500000
134735,500000
134736,500000
134737,500000
134738,500000
134739,500000
134740,500000
134741,500000
134742,500000
134743,500000
134744,500000
134745,500000
134746,500000
134747,500000
134748,500000
134749,500000
134750,500000
134751,500000
134752,500000
134753,500000
134754,500000
134755,500000
134756,500000
134757,500000
134758,500000
134759,500000
134760,500000
134761,500000
134762,500000
134763,500000
134764,500000
134765,500000
134766,500000
134767,500000
134768,500000
134769,500000
134770,500000
134771,500000
134772,500000
134773,500000
134774,500000
134775,500000
134776,500000
134777,500000
134778,500000
134779,500000
134780,500000
134781,500000
134782,500000
134783,500000
134784,500000
134785,500000
134786,500000
134787,500000
134788,500000
134789,500000
134790,500000
134791,500000
134792,500000
134793,500000
134794,500000
134795,500000
134796,500000
134797,500000
134798,500000
134799,500000
134800,500000
134801,500000
134802,500000
134803,500000
134804,500000
134805,500000
134806,500000
134807,500000
134808,500000
134809,500000
134810,500000
134811,500000
134812,500000
134813,500000
134814,500000
134815,500000
134816,500000
134817,500000
134818,500000
134819,500000
134820,500000
134821,500000
134822,500000
134823,500000
134824,500000
134825,500000
134826,500000
134827,500000
134828,500000
134829,500000
134830,500000
134831,500000
134832,500000
134833,500000
134834,500000
134835,500000
134836,500000
134837,500000
134838,500000
134839,500000
134840,500000
134841,500000
134842,500000
134843,500000
134844,500000
134845,500000
134846,500000
134847,500000
134848,500000
134849,500000
134850,500000
134851,500000
134852,500000
134853,500000
134854,500000
134855,500000
134856,500000
134857,500000
134858,500000
134859,500000
134860,500000
134861,500000
134862,500000
134863,500000
134864,500000
134865,500000
134866,500000
134867,500000
134868,500000
134869,500000
134870,500000
134871,500000
134872,500000
134873,500000
134874,500000
134875,500000
134876,500000
134877,500000
134878,500000
134879,500000
134880,500000
134881,500000
134882,500000
134883,500000
134884,500000
134885,500000
134886,500000
134887,500000
134888,500000
134889,500000
134890,500000
134891,500000
134892,500000
134893,500000
134894,500000
134895,500000
134896,500000
134897,500000
134898,500000
134899,500000
134900,500000
134901,500000
134902,500000
134903,500000
134904,500000
134905,500000
134906,500000
134907,500000
134908,500000
134909,500000
134910,500000
134911,500000
134912,500000
134913,500000
134914,500000
134915,500000
134916,500000
134917,500000
134918,500000
134919,500000
134920,500000
134921,500000
134922,500000
134923,500000
134924,500000
134925,500000
134926,500000
134927,500000
134928,500000
134929,500000
134930,500000
134931,500000
134932,500000
134933,500000
134934,500000
134935,500000
134936,500000
134937,500000
134938,500000
134939,500000
134940,500000
134941,500000
134942,500000
134943,500000
134944,500000
134945,500000
134946,500000
134947,500000
134948,500000
134949,500000
134950,500000
134951,500000
134952,500000
134953,500000
134954,500000
134955,500000
134956,500000
134957,500000
134958,500000
134959,500000
134960,500000
134961,500000
134962,500000
134963,500000
134964,500000
134965,500000
134966,500000
134967,500000
134968,500000
134969,500000
134970,500000
134971,500000
134972,500000
134973,500000
134974,500000
134975,500000
134976,500000
134977,500000
134978,500000
134979,500000
134980,500000
134981,500000
134982,500000
134983,500000
134984,500000
134985,500000
134986,500000
134987,500000
134988,500000
134989,500000
134990,500000
134991,500000
134992,500000
134993,500000
134994,500000
134995,500000
134996,500000
134997,500000
134998,500000
134999,500000
135000,500000
135001,500000
135002,500000
135003,500000
135004,500000
135005,500000
135006,500000
135007,500000
135008,500000
135009,500000
135010,500000
135011,500000
135012,500000
135013,500000
135014,500000
135015,500000
135016,500000
135017,500000
135018,500000
135019,500000
135020,500000
135021,500000
135022,500000
135023,500000
135024,500000
135025,500000
135026,500000
135027,500000
135028,500000
135029,500000
135030,500000
135031,500000
135032,500000
135033,500000
135034,500000
135035,500000
135036,500000
135037,500000
135038,500000
135039,500000
135040,500000
135041,500000
135042,500000
135043,500000
135044,500000
135045,500000
135046,500000
135047,500000
135048,500000
135049,500000
135050,500000
135051,500000
135052,500000
135053,500000
135054,500000
135055,500000
135056,500000
135057,500000
135058,500000
135059,500000
135060,500000
135061,500000
135062,500000
135063,500000
135064,500000
135065,500000
135066,500000
135067,500000
135068,500000
135069,500000
135070,500000
135071,500000
135072,500000
135073,500000
135074,500000
135075,500000
135076,500000
135077,500000
135078,500000
135079,500000
135080,500000
135081,500000
135082,500000
135083,500000
135084,500000
135085,500000
135086,500000
135087,500000
135088,500000
135089,500000
135090,500000
135091,500000
135092,500000
135093,500000
135094,500000
135095,500000
135096,500000
135097,500000
135098,500000
135099,500000
135100,500000
135101,500000
135102,500000
135103,500000
135104,500000
135105,500000
135106,500000
135107,500000
135108,500000
135109,500000
135110,500000
135111,500000
135112,500000
135113,500000
135114,500000
135115,500000
135116,500000
135117,500000
135118,500000
135119,500000
135120,500000
135121,500000
135122,500000
135123,500000
135124,500000
135125,500000
135126,500000
135127,500000
135128,500000
135129,500000
135130,500000
135131,500000
135132,500000
135133,500000
135134,500000
135135,500000
135136,500000
135137,500000
135138,500000
135139,500000
135140,500000
135141,500000
135142,500000
135143,500000
135144,500000
135145,500000
135146,500000
135147,500000
135148,500000
135149,500000
135150,500000
135151,500000
135152,500000
135153,500000
135154,500000
135155,500000
135156,500000
135157,500000
135158,500000
135159,500000
135160,500000
135161,500000
135162,500000
135163,500000
135164,500000
135165,500000
135166,500000
135167,500000
135168,500000
135169,500000
135170,500000
135171,500000
135172,500000
135173,500000
135174,500000
135175,500000
135176,500000
135177,500000
135178,500000
135179,500000
135180,500000
135181,500000
135182,500000
135183,500000
135184,500000
135185,500000
135186,500000
135187,500000
135188,500000
135189,500000
135190,500000
135191,500000
135192,500000
135193,500000
135194,500000
135195,500000
135196,500000
135197,500000
135198,500000
135199,500000
135200,500000
135201,500000
135202,500000
135203,500000
135204,500000
135205,500000
135206,500000
135207,500000
135208,500000
135209,500000
135210,500000
135211,500000
135212,500000
135213,500000
135214,500000
135215,500000
135216,500000
135217,500000
135218,500000
135219,500000
135220,500000
135221,500000
135222,500000
135223,500000
135224,500000
135225,500000
135226,500000
135227,500000
135228,500000
135229,500000
135230,500000
135231,500000
135232,500000
135233,500000
135234,500000
135235,500000
135236,500000
135237,500000
135238,500000
135239,500000
135240,500000
135241,500000
135242,500000
135243,500000
135244,500000
135245,500000
135246,500000
135247,500000
135248,500000
135249,500000
135250,500000
135251,500000
135252,500000
135253,500000
135254,500000
135255,500000
135256,500000
135257,500000
135258,500000
135259,500000
135260,500000
135261,500000
135262,500000
135263,500000
135264,500000
135265,500000
135266,500000
135267,500000
135268,500000
135269,500000
135270,500000
135271,500000
135272,500000
135273,500000
135274,500000
135275,500000
135276,500000
135277,500000
135278,500000
135279,500000
135280,500000
135281,500000
135282,500000
135283,500000
135284,500000
135285,500000
135286,500000
135287,500000
135288,500000
135289,500000
135290,500000
135291,500000
135292,500000
135293,500000
135294,500000
135295,500000
135296,500000
135297,500000
135298,500000
135299,500000
135300,500000
135301,500000
135302,500000
135303,500000
135304,500000
135305,500000
135306,500000
135307,500000
135308,500000
135309,500000
135310,500000
135311,500000
135312,500000
135313,500000
135314,500000
135315,500000
135316,500000
135317,500000
135318,500000
135319,500000
135320,500000
135321,500000
135322,500000
135323,500000
135324,500000
135325,500000
135326,500000
135327,500000
135328,500000
135329,500000
135330,500000
135331,500000
135332,500000
135333,500000
135334,500000
135335,500000
135336,500000
135337,500000
135338,500000
135339,500000
135340,500000
135341,500000
135342,500000
135343,500000
135344,500000
135345,500000
135346,500000
135347,500000
135348,500000
135349,500000
135350,500000
135351,500000
135352,500000
135353,500000
135354,500000
135355,500000
135356,500000
135357,500000
135358,500000
135359,500000
135360,500000
135361,500000
135362,500000
135363,500000
135364,500000
135365,500000
135366,500000
135367,500000
135368,500000
135369,500000
135370,500000
135371,500000
135372,500000
135373,500000
135374,500000
135375,500000
135376,500000
135377,500000
135378,500000
135379,500000
135380,500000
135381,500000
135382,500000
135383,500000
135384,500000
135385,500000
135386,500000
135387,500000
135388,500000
135389,500000
135390,500000
135391,500000
135392,500000
135393,500000
135394,500000
135395,500000
135396,500000
135397,500000
135398,500000
135399,500000
135400,500000
135401,500000
135402,500000
135403,500000
135404,500000
135405,500000
135406,500000
135407,500000
135408,500000
135409,500000
135410,500000
135411,500000
135412,500000
135413,500000
135414,500000
135415,500000
135416,500000
135417,500000
135418,500000
135419,500000
135420,500000
135421,500000
135422,500000
135423,500000
135424,500000
135425,500000
135426,500000
135427,500000
135428,500000
135429,500000
135430,500000
135431,500000
135432,500000
135433,500000
135434,500000
135435,500000
135436,500000
135437,500000
135438,500000
135439,500000
135440,500000
135441,500000
135442,500000
135443,500000
135444,500000
135445,500000
135446,500000
135447,500000
135448,500000
135449,500000
135450,500000
135451,500000
135452,500000
135453,500000
135454,500000
135455,500000
135456,500000
135457,500000
135458,500000
135459,500000
135460,500000
135461,500000
135462,500000
135463,500000
135464,500000
135465,500000
135466,500000
135467,500000
135468,500000
135469,500000
135470,500000
135471,500000
135472,500000
135473,500000
135474,500000
135475,500000
135476,500000
135477,500000
135478,500000
135479,500000
135480,500000
135481,500000
135482,500000
135483,500000
135484,500000
135485,500000
135486,500000
135487,500000
135488,500000
135489,500000
135490,500000
135491,500000
135492,500000
135493,500000
135494,500000
135495,500000
135496,500000
135497,500000
135498,500000
135499,500000
135500,500000
135501,500000
135502,500000
135503,500000
135504,500000
135505,500000
135506,500000
135507,500000
135508,500000
135509,500000
135510,500000
135511,500000
135512,500000
135513,500000
135514,500000
135515,500000
135516,500000
135517,500000
135518,500000
135519,500000
135520,500000
135521,500000
135522,500000
135523,500000
135524,500000
135525,500000
135526,500000
135527,500000
135528,500000
135529,500000
135530,500000
135531,500000
135532,500000
135533,500000
135534,500000
135535,500000
135536,500000
135537,500000
135538,500000
135539,500000
135540,500000
135541,500000
135542,500000
135543,500000
135544,500000
135545,500000
135546,500000
135547,500000
135548,500000
135549,500000
135550,500000
135551,500000
135552,500000
135553,500000
135554,500000
135555,500000
135556,500000
135557,500000
135558,500000
135559,500000
135560,500000
135561,500000
135562,500000
135563,500000
135564,500000
135565,500000
135566,500000
135567,500000
135568,500000
135569,500000
135570,500000
135571,500000
135572,500000
135573,500000
135574,500000
135575,500000
135576,500000
135577,500000
135578,500000
135579,500000
135580,500000
135581,500000
135582,500000
135583,500000
135584,500000
135585,500000
135586,500000
135587,500000
135588,500000
135589,500000
135590,500000
135591,500000
135592,500000
135593,500000
135594,500000
135595,500000
135596,500000
135597,500000
135598,500000
135599,500000
135600,500000
135601,500000
135602,500000
135603,500000
135604,500000
135605,500000
135606,500000
135607,500000
135608,500000
135609,500000
135610,500000
135611,500000
135612,500000
135613,500000
135614,500000
135615,500000
135616,500000
135617,500000
135618,500000
135619,500000
135620,500000
135621,500000
135622,500000
135623,500000
135624,500000
135625,500000
135626,500000
135627,500000
135628,500000
135629,500000
135630,500000
135631,500000
135632,500000
135633,500000
135634,500000
135635,500000
135636,500000
135637,500000
135638,500000
135639,500000
135640,500000
135641,500000
135642,500000
135643,500000
135644,500000
135645,500000
135646,500000
135647,500000
135648,500000
135649,500000
135650,500000
135651,500000
135652,500000
135653,500000
135654,500000
135655,500000
135656,500000
135657,500000
135658,500000
135659,500000
135660,500000
135661,500000
135662,500000
135663,500000
135664,500000
135665,500000
135666,500000
135667,500000
135668,500000
135669,500000
135670,500000
135671,500000
135672,500000
135673,500000
135674,500000
135675,500000
135676,500000
135677,500000
135678,500000
135679,500000
135680,500000
135681,500000
135682,500000
135683,500000
135684,500000
135685,500000
135686,500000
135687,500000
135688,500000
135689,500000
135690,500000
135691,500000
135692,500000
135693,500000
135694,500000
135695,500000
135696,500000
135697,500000
135698,500000
135699,500000
135700,500000
135701,500000
135702,500000
135703,500000
135704,500000
135705,500000
135706,500000
135707,500000
135708,500000
135709,500000
135710,500000
135711,500000
135712,500000
135713,500000
135714,500000
135715,500000
135716,500000
135717,500000
135718,500000
135719,500000
135720,500000
135721,500000
135722,500000
135723,500000
135724,500000
135725,500000
135726,500000
135727,500000
135728,500000
135729,500000
135730,500000
135731,500000
135732,500000
135733,500000
135734,500000
135735,500000
135736,500000
135737,500000
135738,500000
135739,500000
135740,500000
135741,500000
135742,500000
135743,500000
135744,500000
135745,500000
135746,500000
135747,500000
135748,500000
135749,500000
135750,500000
135751,500000
135752,500000
135753,500000
135754,500000
135755,500000
135756,500000
135757,500000
135758,500000
135759,500000
135760,500000
135761,500000
135762,500000
135763,500000
135764,500000
135765,500000
135766,500000
135767,500000
135768,500000
135769,500000
135770,500000
135771,500000
135772,500000
135773,500000
135774,500000
135775,500000
135776,500000
135777,500000
135778,500000
135779,500000
135780,500000
135781,500000
135782,500000
135783,500000
135784,500000
135785,500000
135786,500000
135787,500000
135788,500000
135789,500000
135790,500000
135791,500000
135792,500000
135793,500000
135794,500000
135795,500000
135796,500000
135797,500000
135798,500000
135799,500000
135800,500000
135801,500000
135802,500000
135803,500000
135804,500000
135805,500000
135806,500000
135807,500000
135808,500000
135809,500000
135810,500000
135811,500000
135812,500000
135813,500000
135814,500000
135815,500000
135816,500000
135817,500000
135818,500000
135819,500000
135820,500000
135821,500000
135822,500000
135823,500000
135824,500000
135825,500000
135826,500000
135827,500000
135828,500000
135829,500000
135830,500000
135831,500000
135832,500000
135833,500000
135834,500000
135835,500000
135836,500000
135837,500000
135838,500000
135839,500000
135840,500000
135841,500000
135842,500000
135843,500000
135844,500000
135845,500000
135846,500000
135847,500000
135848,500000
135849,500000
135850,500000
135851,500000
135852,500000
135853,500000
135854,500000
135855,500000
135856,500000
135857,500000
135858,500000
135859,500000
135860,500000
135861,500000
135862,500000
135863,500000
135864,500000
135865,500000
135866,500000
135867,500000
135868,500000
135869,500000
135870,500000
135871,500000
135872,500000
135873,500000
135874,500000
135875,500000
135876,500000
135877,500000
135878,500000
135879,500000
135880,500000
135881,500000
135882,500000
135883,500000
135884,500000
135885,500000
135886,500000
135887,500000
135888,500000
135889,500000
135890,500000
135891,500000
135892,500000
135893,500000
135894,500000
135895,500000
135896,500000
135897,500000
135898,500000
135899,500000
135900,500000
135901,500000
135902,500000
135903,500000
135904,500000
135905,500000
135906,500000
135907,500000
135908,500000
135909,500000
135910,500000
135911,500000
135912,500000
135913,500000
135914,500000
135915,500000
135916,500000
135917,500000
135918,500000
135919,500000
135920,500000
135921,500000
135922,500000
135923,500000
135924,500000
135925,500000
135926,500000
135927,500000
135928,500000
135929,500000
135930,500000
135931,500000
135932,500000
135933,500000
135934,500000
135935,500000
135936,500000
135937,500000
135938,500000
135939,500000
135940,500000
135941,500000
135942,500000
135943,500000
135944,500000
135945,500000
135946,500000
135947,500000
135948,500000
135949,500000
135950,500000
135951,500000
135952,500000
135953,500000
135954,500000
135955,500000
135956,500000
135957,500000
135958,500000
135959,500000
135960,500000
135961,500000
135962,500000
135963,500000
135964,500000
135965,500000
135966,500000
135967,500000
135968,500000
135969,500000
135970,500000
135971,500000
135972,500000
135973,500000
135974,500000
135975,500000
135976,500000
135977,500000
135978,500000
135979,500000
135980,500000
135981,500000
135982,500000
135983,500000
135984,500000
135985,500000
135986,500000
135987,500000
135988,500000
135989,500000
135990,500000
135991,500000
135992,500000
135993,500000
135994,500000
135995,500000
135996,500000
135997,500000
135998,500000
135999,500000
136000,500000
136001,500000
136002,500000
136003,500000
136004,500000
136005,500000
136006,500000
136007,500000
136008,500000
136009,500000
136010,500000
136011,500000
136012,500000
136013,500000
136014,500000
136015,500000
136016,500000
136017,500000
136018,500000
136019,500000
136020,500000
136021,500000
136022,500000
136023,500000
136024,500000
136025,500000
136026,500000
136027,500000
136028,500000
136029,500000
136030,500000
136031,500000
136032,500000
136033,500000
136034,500000
136035,500000
136036,500000
136037,500000
136038,500000
136039,500000
136040,500000
136041,500000
136042,500000
136043,500000
136044,500000
136045,500000
136046,500000
136047,500000
136048,500000
136049,500000
136050,500000
136051,500000
136052,500000
136053,500000
136054,500000
136055,500000
136056,500000
136057,500000
136058,500000
136059,500000
136060,500000
136061,500000
136062,500000
136063,500000
136064,500000
136065,500000
136066,500000
136067,500000
136068,500000
136069,500000
136070,500000
136071,500000
136072,500000
136073,500000
136074,500000
136075,500000
136076,500000
136077,500000
136078,500000
136079,500000
136080,500000
136081,500000
136082,500000
136083,500000
136084,500000
136085,500000
136086,500000
136087,500000
136088,500000
136089,500000
136090,500000
136091,500000
136092,500000
136093,500000
136094,500000
136095,500000
136096,500000
136097,500000
136098,500000
136099,500000
136100,500000
136101,500000
136102,500000
136103,500000
136104,500000
136105,500000
136106,500000
136107,500000
136108,500000
136109,500000
136110,500000
136111,500000
136112,500000
136113,500000
136114,500000
136115,500000
136116,500000
136117,500000
136118,500000
136119,500000
136120,500000
136121,500000
136122,500000
136123,500000
136124,500000
136125,500000
136126,500000
136127,500000
136128,500000
136129,500000
136130,500000
136131,500000
136132,500000
136133,500000
136134,500000
136135,500000
136136,500000
136137,500000
136138,500000
136139,500000
136140,500000
136141,500000
136142,500000
136143,500000
136144,500000
136145,500000
136146,500000
136147,500000
136148,500000
136149,500000
136150,500000
136151,500000
136152,500000
136153,500000
136154,500000
136155,500000
136156,500000
136157,500000
136158,500000
136159,500000
136160,500000
136161,500000
136162,500000
136163,500000
136164,500000
136165,500000
136166,500000
136167,500000
136168,500000
136169,500000
136170,500000
136171,500000
136172,500000
136173,500000
136174,500000
136175,500000
136176,500000
136177,500000
136178,500000
136179,500000
136180,500000
136181,500000
136182,500000
136183,500000
136184,500000
136185,500000
136186,500000
136187,500000
136188,500000
136189,500000
136190,500000
136191,500000
136192,500000
136193,500000
136194,500000
136195,500000
136196,500000
136197,500000
136198,500000
136199,500000
136200,500000
136201,500000
136202,500000
136203,500000
136204,500000
136205,500000
136206,500000
136207,500000
136208,500000
136209,500000
136210,500000
136211,500000
136212,500000
136213,500000
136214,500000
136215,500000
136216,500000
136217,500000
136218,500000
136219,500000
136220,500000
136221,500000
136222,500000
136223,500000
136224,500000
136225,500000
136226,500000
136227,500000
136228,500000
136229,500000
136230,500000
136231,500000
136232,500000
136233,500000
136234,500000
136235,500000
136236,500000
136237,500000
136238,500000
136239,500000
136240,500000
136241,500000
136242,500000
136243,500000
136244,500000
136245,500000
136246,500000
136247,500000
136248,500000
136249,500000
136250,500000
136251,500000
136252,500000
136253,500000
136254,500000
136255,500000
136256,500000
136257,500000
136258,500000
136259,500000
136260,500000
136261,500000
136262,500000
136263,500000
136264,500000
136265,500000
136266,500000
136267,500000
136268,500000
136269,500000
136270,500000
136271,500000
136272,500000
136273,500000
136274,500000
136275,500000
136276,500000
136277,500000
136278,500000
136279,500000
136280,500000
136281,500000
136282,500000
136283,500000
136284,500000
136285,500000
136286,500000
136287,500000
136288,500000
136289,500000
136290,500000
136291,500000
136292,500000
136293,500000
136294,500000
136295,500000
136296,500000
136297,500000
136298,500000
136299,500000
136300,500000
136301,500000
136302,500000
136303,500000
136304,500000
136305,500000
136306,500000
136307,500000
136308,500000
136309,500000
136310,500000
136311,500000
136312,500000
136313,500000
136314,500000
136315,500000
136316,500000
136317,500000
136318,500000
136319,500000
136320,500000
136321,500000
136322,500000
136323,500000
136324,500000
136325,500000
136326,500000
136327,500000
136328,500000
136329,500000
136330,500000
136331,500000
136332,500000
136333,500000
136334,500000
136335,500000
136336,500000
136337,500000
136338,500000
136339,500000
136340,500000
136341,500000
136342,500000
136343,500000
136344,500000
136345,500000
136346,500000
136347,500000
136348,500000
136349,500000
136350,500000
136351,500000
136352,500000
136353,500000
136354,500000
136355,500000
136356,500000
136357,500000
136358,500000
136359,500000
136360,500000
136361,500000
136362,500000
136363,500000
136364,500000
136365,500000
136366,500000
136367,500000
136368,500000
136369,500000
136370,500000
136371,500000
136372,500000
136373,500000
136374,500000
136375,500000
136376,500000
136377,500000
136378,500000
136379,500000
136380,500000
136381,500000
136382,500000
136383,500000
136384,500000
136385,500000
136386,500000
136387,500000
136388,500000
136389,500000
136390,500000
136391,500000
136392,500000
136393,500000
136394,500000
136395,500000
136396,500000
136397,500000
136398,500000
136399,500000
136400,500000
136401,500000
136402,500000
136403,500000
136404,500000
136405,500000
136406,500000
136407,500000
136408,500000
136409,500000
136410,500000
136411,500000
136412,500000
136413,500000
136414,500000
136415,500000
136416,500000
136417,500000
136418,500000
136419,500000
136420,500000
136421,500000
136422,500000
136423,500000
136424,500000
136425,500000
136426,500000
136427,500000
136428,500000
136429,500000
136430,500000
136431,500000
136432,500000
136433,500000
136434,500000
136435,500000
136436,500000
136437,500000
136438,500000
136439,500000
136440,500000
136441,500000
136442,500000
136443,500000
136444,500000
136445,500000
136446,500000
136447,500000
136448,500000
136449,500000
136450,500000
136451,500000
136452,500000
136453,500000
136454,500000
136455,500000
136456,500000
136457,500000
136458,500000
136459,500000
136460,500000
136461,500000
136462,500000
136463,500000
136464,500000
136465,500000
136466,500000
136467,500000
136468,500000
136469,500000
136470,500000
136471,500000
136472,500000
136473,500000
136474,500000
136475,500000
136476,500000
136477,500000
136478,500000
136479,500000
136480,500000
136481,500000
136482,500000
136483,500000
136484,500000
136485,500000
136486,500000
136487,500000
136488,500000
136489,500000
136490,500000
136491,500000
136492,500000
136493,500000
136494,500000
136495,500000
136496,500000
136497,500000
136498,500000
136499,500000
136500,500000
136501,500000
136502,500000
136503,500000
136504,500000
136505,500000
136506,500000
136507,500000
136508,500000
136509,500000
136510,500000
136511,500000
136512,500000
136513,500000
136514,500000
136515,500000
136516,500000
136517,500000
136518,500000
136519,500000
136520,500000
136521,500000
136522,500000
136523,500000
136524,500000
136525,500000
136526,500000
136527,500000
136528,500000
136529,500000
136530,500000
136531,500000
136532,500000
136533,500000
136534,500000
136535,500000
136536,500000
136537,500000
136538,500000
136539,500000
136540,500000
136541,500000
136542,500000
136543,500000
136544,500000
136545,500000
136546,500000
136547,500000
136548,500000
136549,500000
136550,500000
136551,500000
136552,500000
136553,500000
136554,500000
136555,500000
136556,500000
136557,500000
136558,500000
136559,500000
136560,500000
136561,500000
136562,500000
136563,500000
136564,500000
136565,500000
136566,500000
136567,500000
136568,500000
136569,500000
136570,500000
136571,500000
136572,500000
136573,500000
136574,500000
136575,500000
136576,500000
136577,500000
136578,500000
136579,500000
136580,500000
136581,500000
136582,500000
136583,500000
136584,500000
136585,500000
136586,500000
136587,500000
136588,500000
136589,500000
136590,500000
136591,500000
136592,500000
136593,500000
136594,500000
136595,500000
136596,500000
136597,500000
136598,500000
136599,500000
136600,500000
136601,500000
136602,500000
136603,500000
136604,500000
136605,500000
136606,500000
136607,500000
136608,500000
136609,500000
136610,500000
136611,500000
136612,500000
136613,500000
136614,500000
136615,500000
136616,500000
136617,500000
136618,500000
136619,500000
136620,500000
136621,500000
136622,500000
136623,500000
136624,500000
136625,500000
136626,500000
136627,500000
136628,500000
136629,500000
136630,500000
136631,500000
136632,500000
136633,500000
136634,500000
136635,500000
136636,500000
136637,500000
136638,500000
136639,500000
136640,500000
136641,500000
136642,500000
136643,500000
136644,500000
136645,500000
136646,500000
136647,500000
136648,500000
136649,500000
136650,500000
136651,500000
136652,500000
136653,500000
136654,500000
136655,500000
136656,500000
136657,500000
136658,500000
136659,500000
136660,500000
136661,500000
136662,500000
136663,500000
136664,500000
136665,500000
136666,500000
136667,500000
136668,500000
136669,500000
136670,500000
136671,500000
136672,500000
136673,500000
136674,500000
136675,500000
136676,500000
136677,500000
136678,500000
136679,500000
136680,500000
136681,500000
136682,500000
136683,500000
136684,500000
136685,500000
136686,500000
136687,500000
136688,500000
136689,500000
136690,500000
136691,500000
136692,500000
136693,500000
136694,500000
136695,500000
136696,500000
136697,500000
136698,500000
136699,500000
136700,500000
136701,500000
136702,500000
136703,500000
136704,500000
136705,500000
136706,500000
136707,500000
136708,500000
136709,500000
136710,500000
136711,500000
136712,500000
136713,500000
136714,500000
136715,500000
136716,500000
136717,500000
136718,500000
136719,500000
136720,500000
136721,500000
136722,500000
136723,500000
136724,500000
136725,500000
136726,500000
136727,500000
136728,500000
136729,500000
136730,500000
136731,500000
136732,500000
136733,500000
136734,500000
136735,500000
136736,500000
136737,500000
136738,500000
136739,500000
136740,500000
136741,500000
136742,500000
136743,500000
136744,500000
136745,500000
136746,500000
136747,500000
136748,500000
136749,500000
136750,500000
136751,500000
136752,500000
136753,500000
136754,500000
136755,500000
136756,500000
136757,500000
136758,500000
136759,500000
136760,500000
136761,500000
136762,500000
136763,500000
136764,500000
136765,500000
136766,500000
136767,500000
136768,500000
136769,500000
136770,500000
136771,500000
136772,500000
136773,500000
136774,500000
136775,500000
136776,500000
136777,500000
136778,500000
136779,500000
136780,500000
136781,500000
136782,500000
136783,500000
136784,500000
136785,500000
136786,500000
136787,500000
136788,500000
136789,500000
136790,500000
136791,500000
136792,500000
136793,500000
136794,500000
136795,500000
136796,500000
136797,500000
136798,500000
136799,500000
136800,500000
136801,500000
136802,500000
136803,500000
136804,500000
136805,500000
136806,500000
136807,500000
136808,500000
136809,500000
136810,500000
136811,500000
136812,500000
136813,500000
136814,500000
136815,500000
136816,500000
136817,500000
136818,500000
136819,500000
136820,500000
136821,500000
136822,500000
136823,500000
136824,500000
136825,500000
136826,500000
136827,500000
136828,500000
136829,500000
136830,500000
136831,500000
136832,500000
136833,500000
136834,500000
136835,500000
136836,500000
136837,500000
136838,500000
136839,500000
136840,500000
136841,500000
136842,500000
136843,500000
136844,500000
136845,500000
136846,500000
136847,500000
136848,500000
136849,500000
136850,500000
136851,500000
136852,500000
136853,500000
136854,500000
136855,500000
136856,500000
136857,500000
136858,500000
136859,500000
136860,500000
136861,500000
136862,500000
136863,500000
136864,500000
136865,500000
136866,500000
136867,500000
136868,500000
136869,500000
136870,500000
136871,500000
136872,500000
136873,500000
136874,500000
136875,500000
136876,500000
136877,500000
136878,500000
136879,500000
136880,500000
136881,500000
136882,500000
136883,500000
136884,500000
136885,500000
136886,500000
136887,500000
136888,500000
136889,500000
136890,500000
136891,500000
136892,500000
136893,500000
136894,500000
136895,500000
136896,500000
136897,500000
136898,500000
136899,500000
136900,500000
136901,500000
136902,500000
136903,500000
136904,500000
136905,500000
136906,500000
136907,500000
136908,500000
136909,500000
136910,500000
136911,500000
136912,500000
136913,500000
136914,500000
136915,500000
136916,500000
136917,500000
136918,500000
136919,500000
136920,500000
136921,500000
136922,500000
136923,500000
136924,500000
136925,500000
136926,500000
136927,500000
136928,500000
136929,500000
136930,500000
136931,500000
136932,500000
136933,500000
136934,500000
136935,500000
136936,500000
136937,500000
136938,500000
136939,500000
136940,500000
136941,500000
136942,500000
136943,500000
136944,500000
136945,500000
136946,500000
136947,500000
136948,500000
136949,500000
136950,500000
136951,500000
136952,500000
136953,500000
136954,500000
136955,500000
136956,500000
136957,500000
136958,500000
136959,500000
136960,500000
136961,500000
136962,500000
136963,500000
136964,500000
136965,500000
136966,500000
136967,500000
136968,500000
136969,500000
136970,500000
136971,500000
136972,500000
136973,500000
136974,500000
136975,500000
136976,500000
136977,500000
136978,500000
136979,500000
136980,500000
136981,500000
136982,500000
136983,500000
136984,500000
136985,500000
136986,500000
136987,500000
136988,500000
136989,500000
136990,500000
136991,500000
136992,500000
136993,500000
136994,500000
136995,500000
136996,500000
136997,500000
136998,500000
136999,500000
137000,500000
137001,500000
137002,500000
137003,500000
137004,500000
137005,500000
137006,500000
137007,500000
137008,500000
137009,500000
137010,500000
137011,500000
137012,500000
137013,500000
137014,500000
137015,500000
137016,500000
137017,500000
137018,500000
137019,500000
137020,500000
137021,500000
137022,500000
137023,500000
137024,500000
137025,500000
137026,500000
137027,500000
137028,500000
137029,500000
137030,500000
137031,500000
137032,500000
137033,500000
137034,500000
137035,500000
137036,500000
137037,500000
137038,500000
137039,500000
137040,500000
137041,500000
137042,500000
137043,500000
137044,500000
137045,500000
137046,500000
137047,500000
137048,500000
137049,500000
137050,500000
137051,500000
137052,500000
137053,500000
137054,500000
137055,500000
137056,500000
137057,500000
137058,500000
137059,500000
137060,500000
137061,500000
137062,500000
137063,500000
137064,500000
137065,500000
137066,500000
137067,500000
137068,500000
137069,500000
137070,500000
137071,500000
137072,500000
137073,500000
137074,500000
137075,500000
137076,500000
137077,500000
137078,500000
137079,500000
137080,500000
137081,500000
137082,500000
137083,500000
137084,500000
137085,500000
137086,500000
137087,500000
137088,500000
137089,500000
137090,500000
137091,500000
137092,500000
137093,500000
137094,500000
137095,500000
137096,500000
137097,500000
137098,500000
137099,500000
137100,500000
137101,500000
137102,500000
137103,500000
137104,500000
137105,500000
137106,500000
137107,500000
137108,500000
137109,500000
137110,500000
137111,500000
137112,500000
137113,500000
137114,500000
137115,500000
137116,500000
137117,500000
137118,500000
137119,500000
137120,500000
137121,500000
137122,500000
137123,500000
137124,500000
137125,500000
137126,500000
137127,500000
137128,500000
137129,500000
137130,500000
137131,500000
137132,500000
137133,500000
137134,500000
137135,500000
137136,500000
137137,500000
137138,500000
137139,500000
137140,500000
137141,500000
137142,500000
137143,500000
137144,500000
137145,500000
137146,500000
137147,500000
137148,500000
137149,500000
137150,500000
137151,500000
137152,500000
137153,500000
137154,500000
137155,500000
137156,500000
137157,500000
137158,500000
137159,500000
137160,500000
137161,500000
137162,500000
137163,500000
137164,500000
137165,500000
137166,500000
137167,500000
137168,500000
137169,500000
137170,500000
137171,500000
137172,500000
137173,500000
137174,500000
137175,500000
137176,500000
137177,500000
137178,500000
137179,500000
137180,500000
137181,500000
137182,500000
137183,500000
137184,500000
137185,500000
137186,500000
137187,500000
137188,500000
137189,500000
137190,500000
137191,500000
137192,500000
137193,500000
137194,500000
137195,500000
137196,500000
137197,500000
137198,500000
137199,500000
137200,500000
137201,500000
137202,500000
137203,500000
137204,500000
137205,500000
137206,500000
137207,500000
137208,500000
137209,500000
137210,500000
137211,500000
137212,500000
137213,500000
137214,500000
137215,500000
137216,500000
137217,500000
137218,500000
137219,500000
137220,500000
137221,500000
137222,500000
137223,500000
137224,500000
137225,500000
137226,500000
137227,500000
137228,500000
137229,500000
137230,500000
137231,500000
137232,500000
137233,500000
137234,500000
137235,500000
137236,500000
137237,500000
137238,500000
137239,500000
137240,500000
137241,500000
137242,500000
137243,500000
137244,500000
137245,500000
137246,500000
137247,500000
137248,500000
137249,500000
137250,500000
137251,500000
137252,500000
137253,500000
137254,500000
137255,500000
137256,500000
137257,500000
137258,500000
137259,500000
137260,500000
137261,500000
137262,500000
137263,500000
137264,500000
137265,500000
137266,500000
137267,500000
137268,500000
137269,500000
137270,500000
137271,500000
137272,500000
137273,500000
137274,500000
137275,500000
137276,500000
137277,500000
137278,500000
137279,500000
137280,500000
137281,500000
137282,500000
137283,500000
137284,500000
137285,500000
137286,500000
137287,500000
137288,500000
137289,500000
137290,500000
137291,500000
137292,500000
137293,500000
137294,500000
137295,500000
137296,500000
137297,500000
137298,500000
137299,500000
137300,500000
137301,500000
137302,500000
137303,500000
137304,500000
137305,500000
137306,500000
137307,500000
137308,500000
137309,500000
137310,500000
137311,500000
137312,500000
137313,500000
137314,500000
137315,500000
137316,500000
137317,500000
137318,500000
137319,500000
137320,500000
137321,500000
137322,500000
137323,500000
137324,500000
137325,500000
137326,500000
137327,500000
137328,500000
137329,500000
137330,500000
137331,500000
137332,500000
137333,500000
137334,500000
137335,500000
137336,500000
137337,500000
137338,500000
137339,500000
137340,500000
137341,500000
137342,500000
137343,500000
137344,500000
137345,500000
137346,500000
137347,500000
137348,500000
137349,500000
137350,500000
137351,500000
137352,500000
137353,500000
137354,500000
137355,500000
137356,500000
137357,500000
137358,500000
137359,500000
137360,500000
137361,500000
137362,500000
137363,500000
137364,500000
137365,500000
137366,500000
137367,500000
137368,500000
137369,500000
137370,500000
137371,500000
137372,500000
137373,500000
137374,500000
137375,500000
137376,500000
137377,500000
137378,500000
137379,500000
137380,500000
137381,500000
137382,500000
137383,500000
137384,500000
137385,500000
137386,500000
137387,500000
137388,500000
137389,500000
137390,500000
137391,500000
137392,500000
137393,500000
137394,500000
137395,500000
137396,500000
137397,500000
137398,500000
137399,500000
137400,500000
137401,500000
137402,500000
137403,500000
137404,500000
137405,500000
137406,500000
137407,500000
137408,500000
137409,500000
137410,500000
137411,500000
137412,500000
137413,500000
137414,500000
137415,500000
137416,500000
137417,500000
137418,500000
137419,500000
137420,500000
137421,500000
137422,500000
137423,500000
137424,500000
137425,500000
137426,500000
137427,500000
137428,500000
137429,500000
137430,500000
137431,500000
137432,500000
137433,500000
137434,500000
137435,500000
137436,500000
137437,500000
137438,500000
137439,500000
137440,500000
137441,500000
137442,500000
137443,500000
137444,500000
137445,500000
137446,500000
137447,500000
137448,500000
137449,500000
137450,500000
137451,500000
137452,500000
137453,500000
137454,500000
137455,500000
137456,500000
137457,500000
137458,500000
137459,500000
137460,500000
137461,500000
137462,500000
137463,500000
137464,500000
137465,500000
137466,500000
137467,500000
137468,500000
137469,500000
137470,500000
137471,500000
137472,500000
137473,500000
137474,500000
137475,500000
137476,500000
137477,500000
137478,500000
137479,500000
137480,500000
137481,500000
137482,500000
137483,500000
137484,500000
137485,500000
137486,500000
137487,500000
137488,500000
137489,500000
137490,500000
137491,500000
137492,500000
137493,500000
137494,500000
137495,500000
137496,500000
137497,500000
137498,500000
137499,500000
137500,500000
137501,500000
137502,500000
137503,500000
137504,500000
137505,500000
137506,500000
137507,500000
137508,500000
137509,500000
137510,500000
137511,500000
137512,500000
137513,500000
137514,500000
137515,500000
137516,500000
137517,500000
137518,500000
137519,500000
137520,500000
137521,500000
137522,500000
137523,500000
137524,500000
137525,500000
137526,500000
137527,500000
137528,500000
137529,500000
137530,500000
137531,500000
137532,500000
137533,500000
137534,500000
137535,500000
137536,500000
137537,500000
137538,500000
137539,500000
137540,500000
137541,500000
137542,500000
137543,500000
137544,500000
137545,500000
137546,500000
137547,500000
137548,500000
137549,500000
137550,500000
137551,500000
137552,500000
137553,500000
137554,500000
137555,500000
137556,500000
137557,500000
137558,500000
137559,500000
137560,500000
137561,500000
137562,500000
137563,500000
137564,500000
137565,500000
137566,500000
137567,500000
137568,500000
137569,500000
137570,500000
137571,500000
137572,500000
137573,500000
137574,500000
137575,500000
137576,500000
137577,500000
137578,500000
137579,500000
137580,500000
137581,500000
137582,500000
137583,500000
137584,500000
137585,500000
137586,500000
137587,500000
137588,500000
137589,500000
137590,500000
137591,500000
137592,500000
137593,500000
137594,500000
137595,500000
137596,500000
137597,500000
137598,500000
137599,500000
137600,500000
137601,500000
137602,500000
137603,500000
137604,500000
137605,500000
137606,500000
137607,500000
137608,500000
137609,500000
137610,500000
137611,500000
137612,500000
137613,500000
137614,500000
137615,500000
137616,500000
137617,500000
137618,500000
137619,500000
137620,500000
137621,500000
137622,500000
137623,500000
137624,500000
137625,500000
137626,500000
137627,500000
137628,500000
137629,500000
137630,500000
137631,500000
137632,500000
137633,500000
137634,500000
137635,500000
137636,500000
137637,500000
137638,500000
137639,500000
137640,500000
137641,500000
137642,500000
137643,500000
137644,500000
137645,500000
137646,500000
137647,500000
137648,500000
137649,500000
137650,500000
137651,500000
137652,500000
137653,500000
137654,500000
137655,500000
137656,500000
137657,500000
137658,500000
137659,500000
137660,500000
137661,500000
137662,500000
137663,500000
137664,500000
137665,500000
137666,500000
137667,500000
137668,500000
137669,500000
137670,500000
137671,500000
137672,500000
137673,500000
137674,500000
137675,500000
137676,500000
137677,500000
137678,500000
137679,500000
137680,500000
137681,500000
137682,500000
137683,500000
137684,500000
137685,500000
137686,500000
137687,500000
137688,500000
137689,500000
137690,500000
137691,500000
137692,500000
137693,500000
137694,500000
137695,500000
137696,500000
137697,500000
137698,500000
137699,500000
137700,500000
137701,500000
137702,500000
137703,500000
137704,500000
137705,500000
137706,500000
137707,500000
137708,500000
137709,500000
137710,500000
137711,500000
137712,500000
137713,500000
137714,500000
137715,500000
137716,500000
137717,500000
137718,500000
137719,500000
137720,500000
137721,500000
137722,500000
137723,500000
137724,500000
137725,500000
137726,500000
137727,500000
137728,500000
137729,500000
137730,500000
137731,500000
137732,500000
137733,500000
137734,500000
137735,500000
137736,500000
137737,500000
137738,500000
137739,500000
137740,500000
137741,500000
137742,500000
137743,500000
137744,500000
137745,500000
137746,500000
137747,500000
137748,500000
137749,500000
137750,500000
137751,500000
137752,500000
137753,500000
137754,500000
137755,500000
137756,500000
137757,500000
137758,500000
137759,500000
137760,500000
137761,500000
137762,500000
137763,500000
137764,500000
137765,500000
137766,500000
137767,500000
137768,500000
137769,500000
137770,500000
137771,500000
137772,500000
137773,500000
137774,500000
137775,500000
137776,500000
137777,500000
137778,500000
137779,500000
137780,500000
137781,500000
137782,500000
137783,500000
137784,500000
137785,500000
137786,500000
137787,500000
137788,500000
137789,500000
137790,500000
137791,500000
137792,500000
137793,500000
137794,500000
137795,500000
137796,500000
137797,500000
137798,500000
137799,500000
137800,500000
137801,500000
137802,500000
137803,500000
137804,500000
137805,500000
137806,500000
137807,500000
137808,500000
137809,500000
137810,500000
137811,500000
137812,500000
137813,500000
137814,500000
137815,500000
137816,500000
137817,500000
137818,500000
137819,500000
137820,500000
137821,500000
137822,500000
137823,500000
137824,500000
137825,500000
137826,500000
137827,500000
137828,500000
137829,500000
137830,500000
137831,500000
137832,500000
137833,500000
137834,500000
137835,500000
137836,500000
137837,500000
137838,500000
137839,500000
137840,500000
137841,500000
137842,500000
137843,500000
137844,500000
137845,500000
137846,500000
137847,500000
137848,500000
137849,500000
137850,500000
137851,500000
137852,500000
137853,500000
137854,500000
137855,500000
137856,500000
137857,500000
137858,500000
137859,500000
137860,500000
137861,500000
137862,500000
137863,500000
137864,500000
137865,500000
137866,500000
137867,500000
137868,500000
137869,500000
137870,500000
137871,500000
137872,500000
137873,500000
137874,500000
137875,500000
137876,500000
137877,500000
137878,500000
137879,500000
137880,500000
137881,500000
137882,500000
137883,500000
137884,500000
137885,500000
137886,500000
137887,500000
137888,500000
137889,500000
137890,500000
137891,500000
137892,500000
137893,500000
137894,500000
137895,500000
137896,500000
137897,500000
137898,500000
137899,500000
137900,500000
137901,500000
137902,500000
137903,500000
137904,500000
137905,500000
137906,500000
137907,500000
137908,500000
137909,500000
137910,500000
137911,500000
137912,500000
137913,500000
137914,500000
137915,500000
137916,500000
137917,500000
137918,500000
137919,500000
137920,500000
137921,500000
137922,500000
137923,500000
137924,500000
137925,500000
137926,500000
137927,500000
137928,500000
137929,500000
137930,500000
137931,500000
137932,500000
137933,500000
137934,500000
137935,500000
137936,500000
137937,500000
137938,500000
137939,500000
137940,500000
137941,500000
137942,500000
137943,500000
137944,500000
137945,500000
137946,500000
137947,500000
137948,500000
137949,500000
137950,500000
137951,500000
137952,500000
137953,500000
137954,500000
137955,500000
137956,500000
137957,500000
137958,500000
137959,500000
137960,500000
137961,500000
137962,500000
137963,500000
137964,500000
137965,500000
137966,500000
137967,500000
137968,500000
137969,500000
137970,500000
137971,500000
137972,500000
137973,500000
137974,500000
137975,500000
137976,500000
137977,500000
137978,500000
137979,500000
137980,500000
137981,500000
137982,500000
137983,500000
137984,500000
137985,500000
137986,500000
137987,500000
137988,500000
137989,500000
137990,500000
137991,500000
137992,500000
137993,500000
137994,500000
137995,500000
137996,500000
137997,500000
137998,500000
137999,500000
138000,500000
138001,500000
138002,500000
138003,500000
138004,500000
138005,500000
138006,500000
138007,500000
138008,500000
138009,500000
138010,500000
138011,500000
138012,500000
138013,500000
138014,500000
138015,500000
138016,500000
138017,500000
138018,500000
138019,500000
138020,500000
138021,500000
138022,500000
138023,500000
138024,500000
138025,500000
138026,500000
138027,500000
138028,500000
138029,500000
138030,500000
138031,500000
138032,500000
138033,500000
138034,500000
138035,500000
138036,500000
138037,500000
138038,500000
138039,500000
138040,500000
138041,500000
138042,500000
138043,500000
138044,500000
138045,500000
138046,500000
138047,500000
138048,500000
138049,500000
138050,500000
138051,500000
138052,500000
138053,500000
138054,500000
138055,500000
138056,500000
138057,500000
138058,500000
138059,500000
138060,500000
138061,500000
138062,500000
138063,500000
138064,500000
138065,500000
138066,500000
138067,500000
138068,500000
138069,500000
138070,500000
138071,500000
138072,500000
138073,500000
138074,500000
138075,500000
138076,500000
138077,500000
138078,500000
138079,500000
138080,500000
138081,500000
138082,500000
138083,500000
138084,500000
138085,500000
138086,500000
138087,500000
138088,500000
138089,500000
138090,500000
138091,500000
138092,500000
138093,500000
138094,500000
138095,500000
138096,500000
138097,500000
138098,500000
138099,500000
138100,500000
138101,500000
138102,500000
138103,500000
138104,500000
138105,500000
138106,500000
138107,500000
138108,500000
138109,500000
138110,500000
138111,500000
138112,500000
138113,500000
138114,500000
138115,500000
138116,500000
138117,500000
138118,500000
138119,500000
138120,500000
138121,500000
138122,500000
138123,500000
138124,500000
138125,500000
138126,500000
138127,500000
138128,500000
138129,500000
138130,500000
138131,500000
138132,500000
138133,500000
138134,500000
138135,500000
138136,500000
138137,500000
138138,500000
138139,500000
138140,500000
138141,500000
138142,500000
138143,500000
138144,500000
138145,500000
138146,500000
138147,500000
138148,500000
138149,500000
138150,500000
138151,500000
138152,500000
138153,500000
138154,500000
138155,500000
138156,500000
138157,500000
138158,500000
138159,500000
138160,500000
138161,500000
138162,500000
138163,500000
138164,500000
138165,500000
138166,500000
138167,500000
138168,500000
138169,500000
138170,500000
138171,500000
138172,500000
138173,500000
138174,500000
138175,500000
138176,500000
138177,500000
138178,500000
138179,500000
138180,500000
138181,500000
138182,500000
138183,500000
138184,500000
138185,500000
138186,500000
138187,500000
138188,500000
138189,500000
138190,500000
138191,500000
138192,500000
138193,500000
138194,500000
138195,500000
138196,500000
138197,500000
138198,500000
138199,500000
138200,500000
138201,500000
138202,500000
138203,500000
138204,500000
138205,500000
138206,500000
138207,500000
138208,500000
138209,500000
138210,500000
138211,500000
138212,500000
138213,500000
138214,500000
138215,500000
138216,500000
138217,500000
138218,500000
138219,500000
138220,500000
138221,500000
138222,500000
138223,500000
138224,500000
138225,500000
138226,500000
138227,500000
138228,500000
138229,500000
138230,500000
138231,500000
138232,500000
138233,500000
138234,500000
138235,500000
138236,500000
138237,500000
138238,500000
138239,500000
138240,500000
138241,500000
138242,500000
138243,500000
138244,500000
138245,500000
138246,500000
138247,500000
138248,500000
138249,500000
138250,500000
138251,500000
138252,500000
138253,500000
138254,500000
138255,500000
138256,500000
138257,500000
138258,500000
138259,500000
138260,500000
138261,500000
138262,500000
138263,500000
138264,500000
138265,500000
138266,500000
138267,500000
138268,500000
138269,500000
138270,500000
138271,500000
138272,500000
138273,500000
138274,500000
138275,500000
138276,500000
138277,500000
138278,500000
138279,500000
138280,500000
138281,500000
138282,500000
138283,500000
138284,500000
138285,500000
138286,500000
138287,500000
138288,500000
138289,500000
138290,500000
138291,500000
138292,500000
138293,500000
138294,500000
138295,500000
138296,500000
138297,500000
138298,500000
138299,500000
138300,500000
138301,500000
138302,500000
138303,500000
138304,500000
138305,500000
138306,500000
138307,500000
138308,500000
138309,500000
138310,500000
138311,500000
138312,500000
138313,500000
138314,500000
138315,500000
138316,500000
138317,500000
138318,500000
138319,500000
138320,500000
138321,500000
138322,500000
138323,500000
138324,500000
138325,500000
138326,500000
138327,500000
138328,500000
138329,500000
138330,500000
138331,500000
138332,500000
138333,500000
138334,500000
138335,500000
138336,500000
138337,500000
138338,500000
138339,500000
138340,500000
138341,500000
138342,500000
138343,500000
138344,500000
138345,500000
138346,500000
138347,500000
138348,500000
138349,500000
138350,500000
138351,500000
138352,500000
138353,500000
138354,500000
138355,500000
138356,500000
138357,500000
138358,500000
138359,500000
138360,500000
138361,500000
138362,500000
138363,500000
138364,500000
138365,500000
138366,500000
138367,500000
138368,500000
138369,500000
138370,500000
138371,500000
138372,500000
138373,500000
138374,500000
138375,500000
138376,500000
138377,500000
138378,500000
138379,500000
138380,500000
138381,500000
138382,500000
138383,500000
138384,500000
138385,500000
138386,500000
138387,500000
138388,500000
138389,500000
138390,500000
138391,500000
138392,500000
138393,500000
138394,500000
138395,500000
138396,500000
138397,500000
138398,500000
138399,500000
138400,500000
138401,500000
138402,500000
138403,500000
138404,500000
138405,500000
138406,500000
138407,500000
138408,500000
138409,500000
138410,500000
138411,500000
138412,500000
138413,500000
138414,500000
138415,500000
138416,500000
138417,500000
138418,500000
138419,500000
138420,500000
138421,500000
138422,500000
138423,500000
138424,500000
138425,500000
138426,500000
138427,500000
138428,500000
138429,500000
138430,500000
138431,500000
138432,500000
138433,500000
138434,500000
138435,500000
138436,500000
138437,500000
138438,500000
138439,500000
138440,500000
138441,500000
138442,500000
138443,500000
138444,500000
138445,500000
138446,500000
138447,500000
138448,500000
138449,500000
138450,500000
138451,500000
138452,500000
138453,500000
138454,500000
138455,500000
138456,500000
138457,500000
138458,500000
138459,500000
138460,500000
138461,500000
138462,500000
138463,500000
138464,500000
138465,500000
138466,500000
138467,500000
138468,500000
138469,500000
138470,500000
138471,500000
138472,500000
138473,500000
138474,500000
138475,500000
138476,500000
138477,500000
138478,500000
138479,500000
138480,500000
138481,500000
138482,500000
138483,500000
138484,500000
138485,500000
138486,500000
138487,500000
138488,500000
138489,500000
138490,500000
138491,500000
138492,500000
138493,500000
138494,500000
138495,500000
138496,500000
138497,500000
138498,500000
138499,500000
138500,500000
138501,500000
138502,500000
138503,500000
138504,500000
138505,500000
138506,500000
138507,500000
138508,500000
138509,500000
138510,500000
138511,500000
138512,500000
138513,500000
138514,500000
138515,500000
138516,500000
138517,500000
138518,500000
138519,500000
138520,500000
138521,500000
138522,500000
138523,500000
138524,500000
138525,500000
138526,500000
138527,500000
138528,500000
138529,500000
138530,500000
138531,500000
138532,500000
138533,500000
138534,500000
138535,500000
138536,500000
138537,500000
138538,500000
138539,500000
138540,500000
138541,500000
138542,500000
138543,500000
138544,500000
138545,500000
138546,500000
138547,500000
138548,500000
138549,500000
138550,500000
138551,500000
138552,500000
138553,500000
138554,500000
138555,500000
138556,500000
138557,500000
138558,500000
138559,500000
138560,500000
138561,500000
138562,500000
138563,500000
138564,500000
138565,500000
138566,500000
138567,500000
138568,500000
138569,500000
138570,500000
